{
  "classification_report": {
    "0": {
      "precision": 1.0,
      "recall": 0.9534883720930233,
      "f1-score": 0.9761904761904762,
      "support": 43.0
    },
    "1": {
      "precision": 0.9726027397260274,
      "recall": 1.0,
      "f1-score": 0.9861111111111112,
      "support": 71.0
    },
    "accuracy": 0.9824561403508771,
    "macro avg": {
      "precision": 0.9863013698630136,
      "recall": 0.9767441860465116,
      "f1-score": 0.9811507936507937,
      "support": 114.0
    },
    "weighted avg": {
      "precision": 0.9829367940398942,
      "recall": 0.9824561403508771,
      "f1-score": 0.9823691172375383,
      "support": 114.0
    }
  },
  "confusion_matrix": [
    [
      41,
      2
    ],
    [
      0,
      71
    ]
  ]
}