{
  "train_loss": 0.321456179022789,
  "val_loss": 0.3467337687810262,
  "train_acc": 0.9945054945054945,
  "val_acc": 0.967032967032967
}